<HPAT hpat_key>HPAT</HPAT>

<HPAT REPLACE doltxt doctxt>
<HPAT nl><br></HPAT>
<HPAT nl><p></HPAT>
<HPAT rawbgn><pre></HPAT>
<HPAT rawbgn><verb></HPAT>
<HPAT rawend></pre></HPAT>
<HPAT rawend></verb></HPAT>
<HPAT h1bgn><h1></HPAT>
<HPAT h1bgn><sect1></HPAT>
<HPAT h1end></h1></HPAT>
<HPAT h1end></sect1></HPAT>
<HPAT h2bgn><h2></HPAT>
<HPAT h2bgn><sect2></HPAT>
<HPAT h2end></h2></HPAT>
<HPAT h2end></sect2></HPAT>
<HPAT h3bgn><h3></HPAT>
<HPAT h3bgn><sect3></HPAT>
<HPAT h3end></h3></HPAT>
<HPAT h3end></sect3></HPAT>
</HPAT>

<HPAT optsec optdfn opttop parbot></HPAT>

<HPAT envsec pardfn envtop parbot></HPAT>

<HPAT argsec pardfn argtop parbot></HPAT>

<HPAT pardfn>
<row valign=top>
<entry align=left><B>&parid;</B></entry>
<entry align=left><B><font color=navy>&partyp;</font></B></entry>
<entry align=left>&doltxt;</entry>
</row>
</HPAT>

<HPAT optdfn>
<row valign=top>
<entry align=left><B>&parid;</B></entry>
<entry align=left><B><font color=navy>&partyp;</font></B></entry>
<entry align=left>&parval;</entry>
<entry align=left>&doltxt;</entry>
</row>
</HPAT>

<HPAT argtop>
<sect2>Arguments</sect2>
<p>
<table width=100% border=0 cellspacing=10>
<COL WIDTH=2*>
<COL WIDTH=1*>
<COL WIDTH=6*>
<thead>
<TR valign=top bgcolor=#DDDDFF><TD align=left>Name<TD align=left>Type<TD align=left>Semantic
<tbody>
</HPAT>

<HPAT opttop>
<H2>Options</H2>
An option will be specified as follows: <B>-&lt;Name&gt;=&lt;Value&gt;</B>
<BR>
<BR>
<table width=100% border=0 cellspacing=10>
<COL WIDTH=2*>
<COL WIDTH=1*>
<COL WIDTH=3*>
<COL WIDTH=4*>
<thead>
<TR valign=top bgcolor=#DDDDFF><TD align=left>Name<TD align=left>Type<TD align=left>Default value<TD align=left>Semantic
<tbody>
</HPAT>

<HPAT envtop>
<H2>Environment</H2>
An environment variable will be specified as follows: <B>-&lt;Name&gt;=&lt;Value&gt;</B>
<BR>
<BR>
<table width=100% border=0 cellspacing=10>
<COL WIDTH=2*>
<COL WIDTH=1*>
<COL WIDTH=6*>
<thead>
<TR valign=top bgcolor=#DDDDFF><TD align=left>Name<TD align=left>Type<TD align=left>Semantic
<tbody>
</HPAT>

<HPAT parbot>
</table>
<BR>
&doctxt;
<BR>
</HPAT>

<HPAT pgmidlay><font color=red>&pgmid;</font></HPAT>
<HPAT pgmidlay_sav>&pgmid;</HPAT>

<HPAT pgmdfn>
<!doctype html public "-//w3c//dtd html 4.0 transitional//en">
<html>
<head>
<title>&pgmid; Command description</title>
</head>
<body bgcolor=white text=black link=navy vlink=navy alink=purple>
&nbsp;
<H1>&pgmidlay; &doltxt;</H1>
<BR>
&doctxt;
<BR>
<BR>
&argsec;
<BR>
&optsec;
<BR>
&envsec;
<BR>
</body>
</html>
</HPAT>

